{"linearization_points": [[4248.271448, 1509.949444, 3872.830534], [33.562881, 369.098752, 1949.296035], [3758.55693, 693.960704, 737.847177]], "factor_to_variable_messages": {"message means": [[[719.088397, 487.910559, 1400.00958], [1693.55344, 11.314183, 1470.443102]], [[4078.315243, 4149.661213, 68.456192], [2487.014514, 863.98676, 3296.280247]], [[3547.87736, 197.038732, 373.611459], [240.249104, 1897.605516, 1163.478561]]], "message precisions": [[[3017.405608, 3284.891922, 972.613976, 657.457987, 2634.435043, 77.814467, 1927.065945, 554.810332, 4286.560338], [3258.228644, 1780.88633, 833.899275, 959.760046, 1029.679259, 1184.394274, 3582.961189, 4276.902071, 724.849012]], [[666.908487, 451.458539, 3182.64104, 700.538092, 2667.420148, 3646.707895, 1790.053397, 3524.731767, 977.807049], [3739.330949, 1582.964446, 3650.659513, 31.31866, 1677.625248, 2528.491652, 259.907346, 1545.678521, 4158.712672]], [[1936.840305, 1673.011265, 127.287853, 2682.389662, 2923.414735, 1751.321851, 3783.394021, 2491.558861, 2271.912811], [471.953849, 2591.118127, 771.726536, 138.874145, 3035.289861, 2172.580817, 3694.614566, 3280.808088, 1996.941811]]]}, "variable_to_factor_messages": {"message means": [[[2870.927, 735.960991, 1764.112444], [3919.008444, 1652.006991, 366.819367]], [[286.782898, 3724.115934, 1587.633524], [1206.176035, 3441.987694, 2531.695413]], [[3542.218448, 3636.192691, 1475.454483], [2540.929627, 3820.19577, 338.635609]]], "message precisions": [[[2687.780877, 1686.641794, 1776.371601, 2690.481148, 266.021865, 1901.54642, 940.760393, 3660.551287, 4116.457159], [4262.472897, 1011.651953, 1442.106743, 3135.114602, 1605.041697, 390.849288, 3755.063666, 1650.824768, 3528.580998]], [[493.858409, 3615.048669, 1571.921554, 658.671027, 2235.391905, 502.326877, 660.60957, 670.17035, 4174.736797], [555.569533, 721.004417, 4244.893884, 459.5879, 2498.513852, 3063.661253, 2459.442892, 3946.153097, 3328.392091]], [[803.098383, 2712.284378, 2055.012867, 726.778118, 3350.925142, 1818.603733, 3025.474082, 812.047169, 3464.248024], [772.314324, 3939.804884, 0.0, 198.63769, 3786.352706, 0.115972, 2282.61888, 3293.479765, 2982.438907]]]}}