{"linearization_points": [[18.43815077898607, 31.269610487058284, 0.5350846106001086], [24.327056909525247, 31.989224521498038, 28.72890693647861], [16.757323353059764, 14.300554824947003, 28.110032155510172], [2.5799259643370434, 27.413431150430025, 11.383489466267982], [26.374017514810117, 6.464292683832042, 31.48521896378955]], "factor_to_variable_messages": {"message means": [[[20.170339658456015, 11.692901493311918, 8.24899005425063], [10.908759822775203, 5.874603711056274, 24.61679527899378]], [[26.167860427059445, 18.647504258925906, 4.730439493492987], [20.797980444262343, 21.79417063200502, 26.349548301531748]], [[16.761971421342373, 14.89693567320634, 27.162592336647382], [29.811346916155227, 10.962968144731853, 16.897647152988085]], [[12.286702666478217, 15.756825884588906, 5.322716533524858], [3.1911871172741186, 13.950457268556043, 2.588594896670024]], [[15.235260779168815, 3.640614660954416, 20.18700133888402], [25.6135084982743, 26.68353842504619, 17.18862419608741]]], "message precisions": [[[58.66738446071813, 21.714914140652454, 38.23680828222816, 21.714914140652454, 17.05368921868419, 22.875584018765952, 38.23680828222816, 22.875584018765952, 33.71305658043444], [34.69861246111137, 27.44194843325634, 37.243696804754926, 27.44194843325634, 22.434173209127735, 28.392981164952204, 37.243696804754926, 28.392981164952204, 41.60506208885391]], [[49.31540073260662, 28.489303777820165, 41.80620019719724, 28.489303777820165, 28.356960769563784, 24.808537120462564, 41.80620019719724, 24.808537120462564, 57.59969039200831], [60.57886638187811, 26.71757054711079, 32.85792817684114, 26.71757054711079, 12.263523986005243, 13.769598718355642, 32.85792817684114, 13.769598718355642, 29.58261539988935]], [[54.528988792367315, 29.24689623439599, 26.644486416147135, 29.24689623439599, 42.900538762987104, 21.06132051723745, 26.644486416147135, 21.06132051723745, 14.754521407550698], [12.965063580614027, 5.411664478015644, 14.194224916038065, 5.411664478015644, 6.880173743640008, 12.677763067084015, 14.194224916038065, 12.677763067084015, 30.22727701976195]], [[35.22668295891893, 19.602154004473753, 32.37567536328007, 19.602154004473753, 25.494253603321482, 26.176015416476126, 32.37567536328007, 26.176015416476126, 36.078404996424595], [31.352053432804052, 18.023914590549623, 21.61207860935364, 18.023914590549623, 15.238097255822312, 12.483502255618351, 21.61207860935364, 12.483502255618351, 32.26228089686244]], [[30.304086744181415, 32.823515376482085, 34.653791375148735, 32.823515376482085, 46.68365662278867, 44.89957495237056, 34.653791375148735, 44.89957495237056, 51.07914313536375], [70.35789695693974, 37.88660266519777, 32.35697332782752, 37.88660266519777, 31.682415024511283, 18.875787207956588, 32.35697332782752, 18.875787207956588, 20.482578478278292]]]}, "variable_to_factor_messages": {"message means": [[[8.667041599820777, 21.146301789880564, 9.312340185596064], [10.78735241062359, 10.93305614578605, 2.9852906341775522]], [[1.9901143731058966, 8.751240532324701, 7.79525965868595], [31.196015125944363, 25.963150995581906, 18.816373719600776]], [[15.4756914530489, 29.072750697183714, 22.80812105197579], [9.748224334194308, 22.174342450788654, 20.75871625509193]], [[4.491792287334704, 30.282680101796814, 31.234587967265455], [12.78134426490838, 24.665978128349153, 20.24886577303864]], [[10.052467256480188, 17.579273836553764, 16.24624302688906], [26.615016521007036, 18.698626814153442, 24.10642859613833]]], "message precisions": [[[35.27941473765382, 25.664931239244037, 44.929262033422205, 25.664931239244037, 22.89318198363085, 34.641678286164, 44.929262033422205, 34.641678286164, 67.78827003247476], [29.98907878007689, 19.639566480686902, 28.962173930136338, 19.639566480686902, 14.081608108279317, 16.257710552798066, 28.962173930136338, 16.257710552798066, 37.57218660863998]], [[33.058780770383876, 32.277678301566496, 21.32207306294423, 32.277678301566496, 35.39056974718686, 23.873356017811552, 21.32207306294423, 23.873356017811552, 31.61418937990433], [24.142752612688714, 28.17914998701048, 10.563836150932588, 28.17914998701048, 42.476462990723306, 13.001106607294979, 10.563836150932588, 13.001106607294979, 6.106590766798506]], [[5.122399628909218, 6.549647490715709, 9.86545950793962, 6.549647490715709, 9.312115824885446, 13.963341042222318, 9.86545950793962, 13.963341042222318, 25.14898096928542], [35.24333568298626, 30.193985989259502, 11.45831196074139, 30.193985989259502, 28.598993516844242, 13.05048107497091, 11.45831196074139, 13.05048107497091, 7.631528280281417]], [[22.225904086952582, 24.693491288945328, 20.27871182173444, 24.693491288945328, 37.992015253441366, 29.63277514771605, 20.27871182173444, 29.63277514771605, 23.28397832198164], [22.57880413348066, 11.859622055008968, 11.525519981061068, 11.859622055008968, 17.094823480894284, 9.788671754323085, 11.525519981061068, 9.788671754323085, 13.852096087660442]], [[14.340653691759831, 20.130263423981113, 22.428819687984713, 20.130263423981113, 53.95653431149898, 37.740545081941725, 22.428819687984713, 37.740545081941725, 41.291876140550194], [12.585296105762296, 22.403113284438955, 7.885700942941192, 22.403113284438955, 62.34799265957037, 42.005011782054055, 7.885700942941192, 42.005011782054055, 40.150929718809444]]]}}