{"linearization_points": [[30.960974099150548, 31.870888228471514, 7.768278284948565], [18.59516800116542, 2.779154966261821, 25.511151355024136], [7.614881839227866, 28.715480909256023, 30.42551649825677], [27.637556880908857, 14.815439331493018, 4.816736970485561], [6.525802288097491, 29.259045509149615, 0.6853902528801257], [31.720264293219444, 16.354052662322452, 6.334010001692828], [30.57434661438879, 28.404228076118727, 11.24850363703781], [22.68303557260928, 3.270340934687951, 19.26443815493853], [17.19443777852101, 18.70688393007123, 22.52963024632016], [31.218276363336898, 28.043685843471085, 3.787555907731896], [17.60849567005524, 23.508794010984598, 28.23474008143838], [23.31999015592746, 15.979551398227727, 11.003247971035428], [7.603871415635197, 23.733011287216666, 6.577869263392024], [5.377850721409494, 18.355567646429268, 26.65146858857674], [18.04638651751981, 4.252705649414146, 31.286086983197404]], "factor_to_variable_messages": {"message means": [[[19.196496028233785, 21.66089602984048, 20.56125183075761], [1.1235135752117884, 19.78636304506562, 3.1493116930447442]], [[17.34735911078265, 8.383327292414915, 3.9536581020183164], [20.246869335655116, 30.411086359357558, 0.5946418555648734]], [[0.8010766990208644, 4.230021759716763, 11.49374170823317], [16.919021027668464, 21.40300011861173, 8.730703387981787]], [[12.57555334894812, 5.783344134882061, 20.77784337341247], [12.982748246901004, 0.33396717128549724, 3.917485385162042]], [[2.215329133693473, 29.694265074726157, 10.9455349431277], [11.90709099853295, 1.281240450579915, 26.671261298708636]], [[25.046524557605615, 12.34856608609758, 1.290197342895926], [6.927511869083986, 30.591183701790193, 7.9785336471876285]], [[16.85402937316107, 10.740564023013267, 21.745215494707175], [20.33724135151907, 16.863201247512034, 8.937886944115203]], [[7.144637569295181, 5.776398195803832, 27.163262731619426], [18.971112455421647, 21.785799056057662, 30.926056875248378]], [[6.714366701662261, 28.523892624581425, 0.5583182273159437], [30.930131843497968, 9.960296621442279, 18.046266171444096]], [[23.04165355909486, 25.666066255842278, 16.79940123264857], [0.42542542148221685, 1.9262949193310028, 7.210783436769084]], [[12.192142347150948, 22.95677200577459, 5.6324588322566385], [28.247574607097956, 6.984634255353431, 14.345337966080884]], [[4.853846940654872, 27.028022246877192, 19.554149838990572], [22.610045825820038, 3.014034588988295, 14.108337525433651]], [[13.044174350760592, 25.9823220468322, 0.19833168063438933], [7.314740968769062, 12.645414808380973, 5.893983108236444]], [[25.616736062177665, 6.0045362254181995, 7.4382269989822625], [28.034165730382618, 19.099891495276406, 30.332883284727863]], [[18.773916255294925, 20.861278620208967, 13.101674111677433], [4.092712747810246, 6.327295424226637, 31.183442025738785]]], "message precisions": [[[40.77037185795029, 31.75063190006764, 19.386292927697962, 31.75063190006764, 61.131936925144615, 39.14478199905844, 19.386292927697962, 39.14478199905844, 25.616718558195185], [37.80481547809763, 30.718765350259595, 30.750250019262136, 30.718765350259595, 32.170386730138105, 32.71853836562636, 30.750250019262136, 32.71853836562636, 33.35544263950235]], [[8.39737686928415, 8.533718204462838, 19.67259866477995, 8.533718204462838, 28.175937666745973, 22.62136091178414, 19.67259866477995, 22.62136091178414, 50.66491440299189], [64.49700721664205, 38.220903453740675, 44.32167579757866, 38.220903453740675, 33.021052999541105, 16.62626852305324, 44.32167579757866, 16.62626852305324, 39.4226922602633]], [[43.59570084607369, 41.666511581113205, 41.826693680702284, 41.666511581113205, 41.05348181361288, 40.03785773377641, 41.826693680702284, 40.03785773377641, 57.24333812810118], [16.73031351428282, 23.18186115501607, 16.597196520001944, 23.18186115501607, 39.59619781905043, 19.10820599793516, 16.597196520001944, 19.10820599793516, 44.607483678640335]], [[10.316996113409452, 15.852567794334202, 15.522194435850704, 15.852567794334202, 32.96257330887942, 19.702535291863608, 15.522194435850704, 19.702535291863608, 25.43259574410614], [35.81504437041033, 22.37661111431115, 26.688201962223772, 22.37661111431115, 32.902110455268264, 34.23626829336559, 26.688201962223772, 34.23626829336559, 38.64801819954341]], [[42.997908251380935, 41.728324062879246, 20.800152298215217, 41.728324062879246, 47.02870855911287, 17.66059257966788, 20.800152298215217, 17.66059257966788, 11.531459390885741], [32.15562522815108, 42.94257537374535, 21.452884091489558, 42.94257537374535, 70.93829897442818, 29.629472132901146, 21.452884091489558, 29.629472132901146, 14.578307184541536]], [[10.900996361981335, 18.471036002373967, 18.90486648395942, 18.471036002373967, 37.62942947367244, 36.559423812483466, 18.90486648395942, 36.559423812483466, 53.46162286451155], [28.45471236991822, 34.808663637263734, 22.62464740336061, 34.808663637263734, 52.24110593173503, 45.53825884592696, 22.62464740336061, 45.53825884592696, 51.04823451121103]], [[11.009840449407324, 25.40758741013904, 16.78513784644163, 25.40758741013904, 63.20210142148501, 39.16255955668986, 16.78513784644163, 39.16255955668986, 25.985953988482958], [46.37955727989282, 36.60352383923198, 43.46697348519865, 36.60352383923198, 37.27114036282475, 32.60770569442236, 43.46697348519865, 32.60770569442236, 45.15917221717827]], [[29.89817260502041, 15.48448437075455, 30.33984745947745, 15.48448437075455, 27.763247929694877, 18.67974631017191, 30.33984745947745, 18.67974631017191, 34.045299497349006], [14.011320093316801, 13.339341969142797, 21.719735005946312, 13.339341969142797, 24.445909211030457, 38.116997276906716, 21.719735005946312, 38.116997276906716, 63.44181950954842]], [[49.93426251534006, 39.99323766505677, 23.85904100516094, 39.99323766505677, 32.9529666698272, 20.835615790029742, 23.85904100516094, 20.835615790029742, 15.90657892343829], [13.419023394625464, 7.945321968337254, 15.037974912115148, 7.945321968337254, 20.172175770499937, 27.275902929404396, 15.037974912115148, 27.275902929404396, 40.14365476944027]], [[47.246985365331426, 32.49200371839431, 44.69017339242302, 32.49200371839431, 28.098028531021946, 33.57412225917435, 44.69017339242302, 33.57412225917435, 47.78029292448949], [41.17407952382506, 25.7160793408418, 26.544496627160573, 25.7160793408418, 50.06214135312894, 9.03470297371035, 26.544496627160573, 9.03470297371035, 25.903047707952027]], [[22.755111338363935, 13.205040995073535, 23.26099272620187, 13.205040995073535, 39.93646294901414, 35.78651376648911, 23.26099272620187, 35.78651376648911, 41.340871123760515], [30.76513367087978, 10.509662554665361, 19.72847886920288, 10.509662554665361, 16.975368587567285, 20.779733524743868, 19.72847886920288, 20.779733524743868, 27.422715677429476]], [[29.915788178554212, 16.018410034768678, 30.561396545099306, 16.018410034768678, 36.104935939414226, 24.791215869660984, 30.561396545099306, 24.791215869660984, 38.212770524537305], [29.479076266627498, 30.929957751755776, 27.66526367954755, 30.929957751755776, 53.96552062997185, 48.80699060352701, 27.66526367954755, 48.80699060352701, 51.47139666708859]], [[11.905816689094689, 8.03510899052191, 10.629619632332235, 8.03510899052191, 25.336792237860845, 16.730255221953698, 10.629619632332235, 16.730255221953698, 14.47100468391488], [34.091578276726196, 7.111674977421244, 19.612318769538035, 7.111674977421244, 1.9464882308034792, 3.2631308040805562, 19.612318769538035, 3.2631308040805562, 17.971949017130726]], [[5.032865503113322, 7.541355638295397, 10.048658780048477, 7.541355638295397, 34.48178758532511, 37.462297235521234, 10.048658780048477, 37.462297235521234, 43.352096329898586], [3.1438991351767878, 6.71593801394244, 7.8440946159612555, 6.71593801394244, 26.570655196847518, 19.909834656682843, 7.8440946159612555, 19.909834656682843, 21.005967737622186]], [[36.92016223301686, 16.044302119722733, 38.77810731307829, 16.044302119722733, 21.87213963272468, 10.493788248900273, 38.77810731307829, 10.493788248900273, 