{"linearization_points": [[20.602062895293795, 22.746730191474892, 8.856019179982283], [2.2399833297723752, 22.927261817394697, 6.99281986833892], [31.22752376581806, 20.159124832552948, 10.503570403646897]], "factor_to_variable_messages": {"message means": [[[26.679602822211514, 0.24552080861018055, 17.839339380002865], [10.941198354909439, 6.346457511675457, 4.79618659244327]], [[1.0876074173872432, 28.791904402645123, 23.735979433870156], [16.18208751776349, 14.88543423541324, 3.754284102666702]], [[26.871598414277614, 19.167917522022364, 11.2985542421019], [11.293557583933545, 9.032333638000662, 12.776755847701267]]], "message precisions": [[[12.865142828089258, 23.01264513862814, 15.46683331143462, 23.01264513862814, 61.41010912323457, 32.93390271824129, 15.46683331143462, 32.93390271824129, 24.87674274084735], [54.648635256889335, 33.210840620154656, 26.41459906080307, 33.210840620154656, 32.52202340039473, 23.435635024084156, 26.41459906080307, 23.435635024084156, 17.684379937866435]], [[30.10812480078495, 34.84104168285769, 11.38853144009598, 34.84104168285769, 48.0473947999895, 15.397322330496436, 11.38853144009598, 15.397322330496436, 5.115941905368828], [28.26802390407694, 9.490408157174373, 33.366827153127794, 9.490408157174373, 22.410435118881985, 5.189895064431932, 33.366827153127794, 5.189895064431932, 46.041729484829695]], [[1.802113898576054, 8.117093144455437, 5.397979457078093, 8.117093144455437, 38.415594181800465, 21.285708823577533, 5.397979457078093, 21.285708823577533, 23.920506559869665], [47.433483324150366, 13.286964316767756, 38.18929681860383, 13.286964316767756, 3.825435866596782, 9.558201352755496, 38.18929681860383, 9.558201352755496, 62.79347363490467]]]}, "variable_to_factor_messages": {"message means": [[[21.862019618182476, 10.276223106309228, 19.949779794403717], [27.068416531173416, 0.6329069319501635, 16.770590443031317]], [[6.616482820123604, 22.696675126909284, 3.108074843760967], [29.534255902981037, 22.643282327537396, 19.335790069549073]], [[31.787905698825387, 3.4024338780402097, 16.326965756174374], [25.400444936265817, 3.6012680225592035, 3.7623663243887364]]], "message precisions": [[[72.05416935424184, 27.63930182057183, 56.414270481650995, 27.63930182057183, 11.009468479240136, 21.814968122647496, 56.414270481650995, 21.814968122647496, 45.12711912623104], [18.764701662599265, 24.707977962804527, 22.255497602935975, 24.707977962804527, 32.990584392945905, 29.35525496324134, 22.255497602935975, 29.35525496324134, 48.431123639074805]], [[53.98094118830063, 35.375569695194145, 58.03140485896074, 35.375569695194145, 33.78611021276916, 35.711209723155186, 58.03140485896074, 35.711209723155186, 70.77763957907705], [19.21055738381624, 32.26053933419518, 15.89727704025358, 32.26053933419518, 58.46752668099538, 31.831068247208304, 15.89727704025358, 31.831068247208304, 19.695005453059157]], [[18.853089910052407, 18.08096295541613, 19.14327091582414, 18.08096295541613, 32.0425643532166, 20.64260309287973, 19.14327091582414, 20.64260309287973, 25.762869808246343], [33.44175279369812, 23.659796128885645, 15.05641514591903, 23.659796128885645, 20.065220791142302, 14.79348902934646, 15.05641514591903, 14.79348902934646, 11.958922752718193]]]}}